epoch,time,train/box_loss,train/cls_loss,train/dfl_loss,metrics/precision(B),metrics/recall(B),metrics/mAP50(B),metrics/mAP50-95(B),val/box_loss,val/cls_loss,val/dfl_loss,lr/pg0,lr/pg1,lr/pg2
1,90.0892,1.82586,4.42006,0.008,0.01321,0.99074,0.01387,0.00712,1.3572,4.45856,0.0087,0.0003,0.0003,0.0003
2,183.778,1.67638,3.22428,0.00711,0.01321,0.99074,0.0887,0.02959,1.31206,4.20475,0.00849,0.000611816,0.000611816,0.000611816
3,273.89,1.67174,2.95139,0.00693,0.01333,1,0.17561,0.07597,1.35342,3.9746,0.00893,0.000915184,0.000915184,0.000915184
4,369.708,1.68592,2.65575,0.00728,0.6931,0.5463,0.72914,0.34482,1.40378,3.41084,0.00931,0.0012101,0.0012101,0.0012101
5,461.241,1.71756,2.37685,0.00717,0.80301,0.52843,0.791,0.32625,1.58516,3.27332,0.01143,0.00149658,0.00149658,0.00149658
6,555.953,1.71216,2.21739,0.00756,0.80133,0.75,0.86299,0.4166,1.63912,2.4687,0.01112,0.0017746,0.0017746,0.0017746
7,651.777,1.76621,2.07934,0.00785,0.79316,0.81664,0.90132,0.42103,1.70774,2.18511,0.01234,0.0018416,0.0018416,0.0018416
8,744.457,1.74287,1.82485,0.0074,0.79482,0.84259,0.91364,0.47066,1.66114,1.68263,0.01119,0.0018152,0.0018152,0.0018152
9,844.258,1.74924,1.70369,0.0078,0.81643,0.86482,0.92274,0.4734,1.71413,1.50977,0.01133,0.0017888,0.0017888,0.0017888
10,947.333,1.73974,1.58148,0.00797,0.84485,0.83333,0.9251,0.46676,1.71548,1.36303,0.01161,0.0017624,0.0017624,0.0017624
11,1042.18,1.77344,1.47605,0.00745,0.86096,0.82407,0.91476,0.446,1.81315,1.33335,0.01274,0.001736,0.001736,0.001736
12,1138.98,1.74954,1.45308,0.0077,0.76631,0.85185,0.90838,0.42619,1.78237,1.27826,0.01202,0.0017096,0.0017096,0.0017096
13,1237.34,1.75636,1.4712,0.00775,0.87015,0.86111,0.90393,0.41179,1.86413,1.25256,0.01327,0.0016832,0.0016832,0.0016832
14,1328.53,1.69107,1.33579,0.00731,0.91387,0.7963,0.932,0.46425,1.74375,1.09822,0.01165,0.0016568,0.0016568,0.0016568
15,1421.95,1.70173,1.20178,0.0073,0.87212,0.88889,0.95641,0.4493,1.8427,1.02682,0.01232,0.0016304,0.0016304,0.0016304
16,1514.6,1.69232,1.19011,0.00749,0.88564,0.93221,0.97079,0.48689,1.79005,0.84738,0.01249,0.001604,0.001604,0.001604
17,1609.53,1.68762,1.10073,0.00727,0.95506,0.78716,0.95338,0.4842,1.71395,0.91971,0.01171,0.0015776,0.0015776,0.0015776
18,1761.88,1.68832,1.08001,0.0075,0.94677,0.82352,0.95743,0.47837,1.81315,0.86131,0.01198,0.0015512,0.0015512,0.0015512
19,1883.93,1.56718,1.00251,0.00689,0.87566,0.91667,0.9577,0.50261,1.67689,0.85355,0.01119,0.0015248,0.0015248,0.0015248
20,1992.95,1.60298,0.97857,0.00689,0.90887,0.92348,0.96199,0.49104,1.71966,0.77514,0.01168,0.0014984,0.0014984,0.0014984
21,2096.62,1.6008,0.88976,0.00677,0.90663,0.89909,0.9658,0.50077,1.70477,0.74806,0.01147,0.001472,0.001472,0.001472
22,2202.54,1.62947,0.88486,0.00721,0.87558,0.91228,0.96836,0.49885,1.75136,0.778,0.01161,0.0014456,0.0014456,0.0014456
23,2311.65,1.61467,0.87376,0.00704,0.90537,0.97222,0.9806,0.49901,1.73908,0.76572,0.0117,0.0014192,0.0014192,0.0014192
24,2418.64,1.62261,0.89504,0.00711,0.9543,0.89815,0.97408,0.49492,1.77514,0.67532,0.01192,0.0013928,0.0013928,0.0013928
25,2524.22,1.54978,0.80824,0.00687,0.95192,0.91663,0.98404,0.52255,1.70298,0.62593,0.01133,0.0013664,0.0013664,0.0013664
26,2629.35,1.57321,0.82002,0.00655,0.91944,0.97222,0.98492,0.50066,1.75173,0.60611,0.01219,0.00134,0.00134,0.00134
27,2728.5,1.61802,0.78451,0.00712,0.91163,0.9552,0.98365,0.4921,1.76989,0.64457,0.01161,0.0013136,0.0013136,0.0013136
28,2837.77,1.59091,0.78765,0.00661,0.96121,0.91788,0.98834,0.51413,1.69131,0.60867,0.01126,0.0012872,0.0012872,0.0012872
29,2927.83,1.51362,0.7083,0.00648,0.94397,0.93593,0.98798,0.51523,1.71271,0.5494,0.01135,0.0012608,0.0012608,0.0012608
30,3018.69,1.56104,0.73165,0.00695,0.96462,0.91667,0.98364,0.46077,1.8284,0.63733,0.0122,0.0012344,0.0012344,0.0012344
31,3114.12,1.54112,0.7096,0.00687,0.92855,0.96268,0.97718,0.47929,1.75485,0.62182,0.01178,0.001208,0.001208,0.001208
32,3200.68,1.47552,0.71997,0.00637,0.91926,0.92593,0.97589,0.50847,1.75152,0.59813,0.01151,0.0011816,0.0011816,0.0011816
33,3294.5,1.45057,0.68164,0.00627,0.95352,0.91667,0.98021,0.48033,1.8423,0.61904,0.01207,0.0011552,0.0011552,0.0011552
34,3420.28,1.47441,0.71084,0.00627,0.97029,0.90724,0.98032,0.49675,1.78358,0.57252,0.01179,0.0011288,0.0011288,0.0011288
35,3511.4,1.46196,0.68544,0.00622,0.97235,0.90741,0.98781,0.50426,1.73914,0.54436,0.01141,0.0011024,0.0011024,0.0011024
36,3597.48,1.52024,0.67776,0.00629,0.91017,0.93519,0.97454,0.48324,1.8303,0.58028,0.01231,0.001076,0.001076,0.001076
37,3685.26,1.40909,0.65104,0.00601,0.96531,0.9537,0.99131,0.50188,1.75897,0.54705,0.01167,0.0010496,0.0010496,0.0010496
38,3775.27,1.41481,0.65995,0.00614,0.96352,0.97222,0.98832,0.49492,1.77096,0.60462,0.0116,0.0010232,0.0010232,0.0010232
39,3874.35,1.43251,0.67419,0.00583,0.93715,0.9664,0.98263,0.47106,1.84411,0.53084,0.01225,0.0009968,0.0009968,0.0009968
40,3974,1.41754,0.62141,0.00593,0.92713,0.94253,0.98441,0.51132,1.77723,0.57615,0.01144,0.0009704,0.0009704,0.0009704
41,4071.77,1.39114,0.60793,0.00579,0.97063,0.91667,0.98578,0.51043,1.78406,0.54556,0.01171,0.000944,0.000944,0.000944
42,4170.58,1.42233,0.61657,0.00588,0.89465,0.97222,0.98398,0.50534,1.782,0.55199,0.01183,0.0009176,0.0009176,0.0009176
43,4272.68,1.39419,0.64359,0.00581,0.9798,0.90741,0.98378,0.4935,1.7956,0.55415,0.0118,0.0008912,0.0008912,0.0008912
44,4366.79,1.34363,0.6029,0.00561,0.96319,0.97222,0.99194,0.47171,1.85563,0.5978,0.01212,0.0008648,0.0008648,0.0008648
45,4465.32,1.35764,0.63149,0.00563,0.93709,0.9654,0.9898,0.49462,1.78967,0.55346,0.01185,0.0008384,0.0008384,0.0008384
46,4568.38,1.38923,0.60354,0.00562,0.9611,0.93519,0.98741,0.45398,1.90001,0.59185,0.01238,0.000812,0.000812,0.000812
47,4664.7,1.37774,0.58951,0.0058,0.97611,0.88889,0.98392,0.48422,1.79858,0.58012,0.01173,0.0007856,0.0007856,0.0007856
48,4757.59,1.33068,0.59313,0.00549,0.96209,0.93992,0.97836,0.49002,1.77274,0.54641,0.01181,0.0007592,0.0007592,0.0007592
49,4860.89,1.37602,0.57928,0.00611,0.95105,0.89943,0.97477,0.47235,1.84261,0.55216,0.01207,0.0007328,0.0007328,0.0007328
50,4958.92,1.32447,0.54909,0.00531,0.9588,0.94444,0.97941,0.49209,1.82066,0.49097,0.01202,0.0007064,0.0007064,0.0007064
51,5059.6,1.28999,0.55797,0.00526,0.94671,0.98696,0.99234,0.49384,1.80123,0.51197,0.01188,0.00068,0.00068,0.00068
52,5175.89,1.33125,0.55309,0.00565,0.98089,0.95048,0.99268,0.49125,1.82297,0.50194,0.01196,0.0006536,0.0006536,0.0006536
53,5272.35,1.22747,0.51894,0.00509,0.9911,0.9537,0.99298,0.48541,1.85402,0.54164,0.01211,0.0006272,0.0006272,0.0006272
54,5365.23,1.25718,0.53843,0.00526,0.97259,0.96296,0.98628,0.495,1.78888,0.50253,0.01169,0.0006008,0.0006008,0.0006008
55,5450.94,1.25486,0.52887,0.00508,0.9907,0.986,0.99463,0.50139,1.79557,0.48528,0.01176,0.0005744,0.0005744,0.0005744
56,5540.67,1.24254,0.5317,0.00526,0.96399,0.99162,0.9937,0.49654,1.80275,0.49941,0.01185,0.000548,0.000548,0.000548
57,5624.85,1.23478,0.51013,0.00494,0.97212,0.96864,0.99316,0.49347,1.7754,0.51421,0.01165,0.0005216,0.0005216,0.0005216
58,5709.45,1.19868,0.515,0.0049,0.9468,0.99074,0.9916,0.50121,1.79135,0.49536,0.01169,0.0004952,0.0004952,0.0004952
59,5796.9,1.20649,0.50309,0.00492,0.95859,0.98148,0.99205,0.50202,1.75475,0.48874,0.01155,0.0004688,0.0004688,0.0004688
60,5881.48,1.22286,0.54015,0.00513,0.96361,0.98148,0.99254,0.49839,1.80649,0.52242,0.01168,0.0004424,0.0004424,0.0004424
61,5965.67,1.1761,0.47874,0.00484,0.94937,0.97222,0.99162,0.49699,1.78468,0.52062,0.01156,0.000416,0.000416,0.000416
62,6049.79,1.2555,0.52355,0.00505,0.99638,0.98148,0.99464,0.48528,1.81535,0.51552,0.01166,0.0003896,0.0003896,0.0003896
63,6135.56,1.18413,0.49712,0.00485,0.98468,0.98148,0.99454,0.48428,1.80229,0.49624,0.01167,0.0003632,0.0003632,0.0003632
64,6219.31,1.20064,0.52523,0.00482,0.98266,0.99074,0.99472,0.49198,1.79789,0.4858,0.0117,0.0003368,0.0003368,0.0003368
65,6302.04,1.15837,0.46979,0.0051,0.98158,0.98705,0.99463,0.49599,1.77903,0.47091,0.01158,0.0003104,0.0003104,0.0003104
66,6385.15,1.12968,0.41918,0.0055,0.98158,0.98683,0.99399,0.48802,1.80702,0.47388,0.0118,0.000284,0.000284,0.000284
67,6463.96,1.15677,0.42125,0.00545,0.95637,0.97222,0.98278,0.48623,1.82755,0.48839,0.01206,0.0002576,0.0002576,0.0002576
68,6544.38,1.09924,0.39317,0.00521,0.95527,0.98876,0.99328,0.48217,1.83183,0.51826,0.01206,0.0002312,0.0002312,0.0002312
69,6624.27,1.10566,0.39094,0.00529,0.98401,0.97222,0.99399,0.48018,1.81577,0.51341,0.01198,0.0002048,0.0002048,0.0002048
70,6705.11,1.05194,0.38217,0.00512,0.9625,0.97222,0.9833,0.48794,1.80984,0.4986,0.01196,0.0001784,0.0001784,0.0001784
71,6786.46,1.062,0.39967,0.00504,0.98088,0.97222,0.99308,0.4842,1.81899,0.4988,0.01199,0.000152,0.000152,0.000152
72,6867.36,1.03515,0.37336,0.00489,0.9812,0.96668,0.99244,0.47981,1.82637,0.50909,0.012,0.0001256,0.0001256,0.0001256
73,6947.29,1.0481,0.37944,0.00497,0.96124,0.98148,0.99258,0.48389,1.80883,0.51779,0.01186,9.92e-05,9.92e-05,9.92e-05
74,7033.1,1.03077,0.36598,0.0052,0.9796,0.96296,0.99196,0.48802,1.80497,0.5224,0.01182,7.28e-05,7.28e-05,7.28e-05
75,7118.23,1.03302,0.36449,0.00493,0.97189,0.96059,0.99137,0.49138,1.8057,0.53245,0.01181,4.64e-05,4.64e-05,4.64e-05
